"","HBI_size_avg","HBI_size_1","HBI_size_2","HBI_size_3","HBI_size_4","HBI_size_5","HBI_size_6","HBI_size_7","PPI","hh_income_upper_limit_Q1E","Incentive_rate","Interrup","boil_rate","Cutoff_Perc","CAP_Perc","health_based_sdwa_violations"
"1",1.39665671613554,0.769777711752467,1.13029919497684,1.49082067820121,1.85134216142558,2.21186364464995,2.57238512787432,2.93290661109869,9.50596336168961,63230.6705278465,15.3546274602595,1.99244060455667,1.97120504515242,1.88841508068281,1.73600956472537,0
